time,timea,timeb,timea-b
20.0501328,0.03116,0.47268,0.22076
20.0501328,0.03203,0.48016,0.22407
0.0158096,0.03178,0.47768,0.22295
5.5059392,0.03168,0.48072,0.22452
5.5059392,0.03157,0.47677,0.2226